Date,Consumer_Spend,Consumer_Confidence_Index,Unemployment_Rate,Inflation_Rate,Retail_Sales,Interest_Rate,GDP_Growth
2024-01-01,703058,88,5.7%,2.7%,288706,4.2%,1.4%
2024-01-31,836784,103,5.9%,4.3%,431014,2.1%,2.9%
2024-03-01,559870,106,5.3%,5.0%,437535,4.7%,2.2%
2024-03-31,887335,84,5.5%,2.3%,496163,3.6%,1.1%
2024-04-30,534911,89,4.5%,4.3%,298518,3.1%,2.2%
2024-05-30,878333,96,5.9%,2.2%,397594,2.0%,2.5%
2024-06-29,979617,104,4.6%,4.9%,278509,4.0%,1.5%
2024-07-29,608972,96,5.1%,2.6%,212698,3.8%,2.6%
2024-08-28,874684,102,5.3%,4.9%,231335,2.1%,2.2%
2024-09-27,875530,82,5.0%,3.5%,279556,3.4%,2.7%
2024-10-27,909569,84,5.1%,3.5%,447760,3.8%,2.3%
2024-11-26,767545,91,5.6%,2.6%,433010,3.6%,1.6%
2024-12-26,972035,81,5.0%,3.9%,242871,5.0%,1.4%
2025-01-25,692344,110,5.9%,4.0%,336651,3.5%,1.8%
2025-02-24,848387,91,5.4%,4.7%,445419,4.7%,2.5%
2025-03-26,712267,96,5.0%,3.0%,498398,3.4%,2.3%
2025-04-25,761464,90,5.5%,2.3%,279640,2.5%,1.9%
2025-05-25,985187,89,5.6%,4.2%,344474,3.6%,1.3%
2025-06-24,652973,86,4.3%,3.5%,496844,2.6%,1.9%
2025-07-24,925438,91,5.8%,3.6%,423763,4.8%,1.2%
2025-08-23,948187,82,5.5%,4.3%,387359,3.7%,1.7%
2025-09-22,735357,88,4.2%,2.3%,359160,2.6%,1.4%
2025-10-22,740496,88,4.6%,4.5%,371137,3.5%,2.9%
2025-11-21,961224,82,4.3%,2.9%,499230,4.4%,2.4%
2025-12-21,970988,81,6.0%,2.4%,213763,3.5%,2.0%
2026-01-20,851904,108,5.0%,2.7%,490283,4.6%,2.4%
2026-02-19,581397,105,4.0%,3.6%,436783,3.7%,2.9%
2026-03-21,923147,109,4.4%,4.8%,286284,3.6%,2.6%
2026-04-20,907087,105,5.3%,4.4%,208919,2.0%,2.7%
2026-05-20,703049,80,4.0%,4.8%,248047,4.6%,2.4%
2026-06-19,563349,101,5.3%,3.9%,264422,4.9%,1.6%
2026-07-19,609804,106,4.2%,4.3%,267386,2.5%,1.6%
2026-08-18,647098,97,4.5%,2.4%,338390,3.2%,1.7%
2026-09-17,918303,94,4.9%,3.5%,292543,3.0%,2.7%
2026-10-17,648138,98,4.2%,2.1%,425323,3.9%,2.8%
2026-11-16,895036,106,4.0%,3.9%,469428,4.9%,2.1%
2026-12-16,976918,103,4.9%,3.1%,415661,2.1%,1.8%
2027-01-15,971824,103,4.8%,4.1%,401742,2.8%,2.3%
2027-02-14,910107,80,5.7%,4.6%,286401,3.3%,1.9%
2027-03-16,979643,108,5.1%,2.4%,357860,4.2%,1.9%
2027-04-15,980113,104,4.2%,3.4%,344853,4.0%,2.2%
2027-05-15,551638,99,5.3%,2.6%,432931,4.4%,1.6%
2027-06-14,638750,89,5.8%,4.8%,257364,4.5%,2.0%
2027-07-14,955184,82,4.0%,3.8%,267780,4.2%,2.7%
2027-08-13,969167,100,5.2%,4.4%,369174,4.7%,1.9%
2027-09-12,562565,104,4.1%,4.2%,372515,2.9%,2.3%
2027-10-12,675459,106,4.9%,2.0%,456738,3.9%,1.5%
2027-11-11,837445,96,5.4%,4.5%,424763,4.1%,2.2%
2027-12-11,742855,93,6.0%,3.6%,300795,2.3%,2.8%
2028-01-10,562722,84,4.1%,4.3%,328810,2.1%,1.0%
2028-02-09,979290,92,4.6%,3.6%,398277,4.0%,2.7%
2028-03-10,556640,98,4.2%,2.6%,272364,4.9%,2.8%
2028-04-09,777343,81,5.9%,2.6%,383998,3.1%,2.6%
2028-05-09,981610,87,4.8%,2.7%,374193,2.4%,1.6%
2028-06-08,885963,101,5.7%,3.4%,337486,2.5%,2.3%
2028-07-08,514955,102,4.9%,4.0%,290444,3.5%,1.9%
2028-08-07,544885,110,4.7%,2.4%,421352,2.0%,1.4%
2028-09-06,739419,100,4.2%,2.2%,243444,2.0%,2.8%
2028-10-06,949575,82,5.3%,2.1%,390863,3.2%,2.7%
2028-11-05,724472,87,5.7%,2.2%,242268,2.0%,1.9%
2028-12-05,602989,97,4.1%,4.5%,301869,3.7%,1.3%
2029-01-04,953838,89,4.8%,3.1%,464412,3.9%,1.5%
2029-02-03,979626,99,5.6%,2.6%,483998,2.8%,1.3%
2029-03-05,734999,85,4.3%,5.0%,453024,4.8%,1.8%
2029-04-04,897896,85,4.1%,3.7%,364134,4.1%,1.5%
2029-05-04,936114,80,5.6%,2.8%,399291,4.6%,1.7%
2029-06-03,586660,109,5.5%,4.5%,232927,4.0%,1.2%
2029-07-03,846591,105,4.3%,4.5%,308394,4.7%,2.1%
2029-08-02,631837,109,5.6%,4.4%,430516,2.3%,1.1%
2029-09-01,637071,81,5.8%,2.8%,282436,2.5%,1.8%
2029-10-01,649938,104,5.2%,2.0%,270701,2.5%,2.8%
2029-10-31,583367,83,5.7%,2.7%,419585,4.3%,2.0%
2029-11-30,589648,98,4.1%,2.9%,350510,3.8%,2.8%
2029-12-30,534429,91,5.1%,3.9%,260456,2.2%,2.3%
2030-01-29,544433,85,4.6%,3.0%,405153,2.4%,1.1%
2030-02-28,893089,107,5.8%,3.4%,494537,3.7%,1.6%
2030-03-30,641074,97,5.1%,2.5%,436148,4.5%,2.5%
2030-04-29,835443,90,6.0%,2.2%,397067,2.9%,1.3%
2030-05-29,814363,106,5.8%,4.3%,368423,3.7%,1.6%
2030-06-28,791224,95,5.5%,3.6%,224042,4.9%,1.7%
2030-07-28,687072,109,5.6%,4.8%,358883,4.0%,1.7%
2030-08-27,961778,95,4.7%,4.6%,226707,4.4%,2.5%
2030-09-26,691911,86,4.0%,4.3%,423671,2.4%,1.4%
2030-10-26,591443,93,5.7%,3.9%,471433,5.0%,1.7%
2030-11-25,549915,88,4.2%,2.7%,498083,4.5%,3.0%
2030-12-25,503698,96,4.3%,3.7%,281623,2.5%,1.4%
2031-01-24,808162,87,4.9%,4.5%,371082,2.5%,1.5%
2031-02-23,968029,80,5.3%,3.6%,258226,4.4%,1.9%
2031-03-25,940350,87,4.7%,4.4%,320644,2.7%,2.8%
2031-04-24,793187,88,5.9%,4.0%,202369,2.8%,2.5%
2031-05-24,547297,99,4.8%,4.9%,491302,3.4%,2.7%
2031-06-23,836266,102,5.3%,4.7%,340024,2.6%,1.1%
2031-07-23,922821,108,5.1%,4.4%,303669,3.7%,1.1%
2031-08-22,645085,91,4.6%,3.4%,372073,3.2%,2.4%
2031-09-21,957775,88,5.4%,4.2%,488060,2.5%,1.9%
2031-10-21,825778,91,5.4%,4.4%,248895,2.9%,1.5%
2031-11-20,646478,94,5.9%,2.3%,411515,4.0%,2.6%
2031-12-20,985517,94,4.7%,5.0%,207070,2.9%,2.8%
2032-01-19,955260,87,4.1%,2.5%,219658,4.5%,1.1%
2032-02-18,874285,91,5.2%,3.5%,290408,3.7%,2.9%
2032-03-19,616377,107,4.1%,4.5%,242272,2.9%,1.2%
2032-04-18,971348,99,5.4%,2.2%,324072,2.8%,2.9%
2032-05-18,619112,91,4.2%,4.8%,341825,2.3%,2.9%
2032-06-17,867779,109,4.9%,2.9%,479283,2.9%,1.8%
2032-07-17,578431,109,5.2%,3.6%,307819,4.0%,1.4%
2032-08-16,986882,83,4.1%,2.4%,450877,2.3%,1.5%
2032-09-15,603135,88,5.9%,3.1%,484241,4.6%,2.9%
2032-10-15,592449,88,4.7%,2.8%,458794,3.7%,1.3%
2032-11-14,941478,85,4.3%,3.0%,412338,3.5%,1.1%
2032-12-14,602496,80,5.6%,3.7%,332801,4.4%,2.9%
2033-01-13,523150,97,4.8%,3.7%,358880,2.2%,1.4%
2033-02-12,801517,105,4.4%,4.1%,305413,3.2%,2.1%
2033-03-14,503643,84,5.5%,3.5%,357775,2.1%,2.4%
2033-04-13,798420,94,4.7%,2.2%,244793,3.7%,2.9%
2033-05-13,830145,109,5.0%,3.9%,369392,4.5%,1.4%
2033-06-12,622244,89,5.3%,3.4%,285761,3.6%,2.5%
2033-07-12,576559,106,5.2%,3.3%,261954,3.2%,1.6%
2033-08-11,979992,94,5.3%,2.8%,328467,4.2%,2.6%
2033-09-10,829838,91,4.7%,2.6%,238110,3.8%,2.4%
2033-10-10,630840,107,4.6%,2.5%,363719,3.3%,2.7%
2033-11-09,853919,101,5.3%,3.0%,481815,3.5%,1.2%
2033-12-09,588510,106,4.5%,3.4%,216506,3.0%,2.8%
2034-01-08,995164,91,4.1%,4.9%,313387,3.5%,3.0%
2034-02-07,530486,98,5.9%,4.5%,239779,2.1%,2.3%
2034-03-09,830145,81,4.7%,3.5%,421387,4.9%,2.5%
2034-04-08,714493,96,5.0%,2.9%,359202,2.1%,3.0%
2034-05-08,591429,90,5.7%,3.4%,444640,3.4%,1.9%
2034-06-07,535194,110,4.2%,2.2%,420026,4.7%,2.6%
2034-07-07,760694,102,5.3%,2.3%,323961,3.3%,1.1%
2034-08-06,974586,80,4.3%,3.1%,351599,2.3%,2.3%
2034-09-05,769739,93,5.0%,4.0%,269591,2.3%,1.6%
2034-10-05,616550,96,5.2%,2.4%,320948,3.0%,2.5%
2034-11-04,810512,102,4.8%,2.2%,250444,4.9%,1.8%
2034-12-04,972432,86,4.3%,2.9%,445994,3.7%,1.0%
2035-01-03,905375,90,4.9%,2.9%,370044,2.1%,1.7%
2035-02-02,775518,107,5.6%,3.3%,421699,4.0%,1.5%
2035-03-04,764402,108,4.2%,4.8%,224122,2.1%,2.2%
2035-04-03,932481,109,5.1%,3.9%,295848,3.8%,1.6%
2035-05-03,814656,99,4.3%,2.1%,365923,4.8%,2.3%
2035-06-02,593526,92,4.9%,2.7%,321182,3.5%,2.3%
2035-07-02,948621,89,5.9%,4.6%,487460,3.0%,2.3%
2035-08-01,507381,109,5.4%,3.8%,214725,4.6%,1.6%
2035-08-31,806998,106,4.4%,3.7%,471392,4.5%,1.3%
2035-09-30,866908,89,5.5%,4.9%,220295,3.6%,2.8%
2035-10-30,724406,85,4.2%,3.1%,217901,2.2%,1.6%
2035-11-29,509749,102,4.6%,4.6%,230234,4.7%,1.8%
2035-12-29,685360,86,4.4%,3.2%,347102,4.7%,1.9%
2036-01-28,535153,98,4.4%,4.6%,308756,4.3%,2.5%
2036-02-27,842669,103,5.6%,2.0%,310719,4.7%,2.5%
2036-03-28,988358,101,5.8%,2.8%,362256,3.0%,2.1%
2036-04-27,706923,85,5.0%,2.0%,376356,3.3%,1.8%
2036-05-27,849815,110,5.2%,4.2%,397058,2.7%,2.5%
2036-06-26,849865,108,5.0%,2.1%,325010,2.8%,2.5%
2036-07-26,886540,110,4.1%,2.7%,472093,2.3%,2.5%
2036-08-25,863915,92,4.2%,2.9%,356619,2.6%,2.1%
2036-09-24,762655,100,5.2%,3.0%,250135,2.5%,1.5%
2036-10-24,940107,101,5.6%,4.0%,388424,3.5%,1.1%
2036-11-23,559096,89,5.6%,2.5%,321815,2.5%,1.1%
2036-12-23,544541,84,4.5%,4.1%,224712,3.4%,2.7%
2037-01-22,794173,94,5.0%,4.2%,297987,2.3%,1.3%
2037-02-21,988090,86,5.1%,2.6%,397596,4.6%,1.3%
2037-03-23,843057,88,4.9%,3.6%,373402,3.8%,2.6%
2037-04-22,560853,102,5.5%,4.7%,297877,2.3%,1.8%
2037-05-22,860879,90,4.9%,3.4%,218938,3.8%,1.9%
2037-06-21,977937,102,5.5%,2.9%,485088,5.0%,2.7%
2037-07-21,985854,96,5.1%,4.5%,349997,4.3%,1.7%
2037-08-20,545789,93,5.8%,3.9%,242386,3.6%,2.9%
2037-09-19,914436,93,4.7%,3.3%,303334,3.4%,2.8%
2037-10-19,644516,87,5.2%,2.5%,384731,3.2%,1.8%
2037-11-18,804983,107,5.3%,2.2%,456479,3.9%,2.5%
2037-12-18,679347,97,4.4%,3.7%,471618,3.7%,1.6%
2038-01-17,577830,88,5.0%,2.5%,400616,4.3%,1.4%
2038-02-16,584516,107,4.3%,3.1%,280641,4.6%,2.4%
2038-03-18,661959,107,4.0%,4.0%,384695,3.1%,2.0%
2038-04-17,999193,95,5.0%,3.3%,248573,4.2%,2.7%
2038-05-17,683705,89,5.6%,3.1%,429910,2.5%,1.9%
2038-06-16,801025,96,4.2%,2.2%,361105,2.5%,2.0%
2038-07-16,507961,87,4.4%,2.2%,309500,2.2%,2.9%
2038-08-15,563985,107,5.4%,2.6%,274740,3.4%,2.0%
2038-09-14,955177,97,4.7%,2.4%,283869,4.7%,2.9%
2038-10-14,747318,84,5.6%,3.7%,407950,3.0%,2.2%
2038-11-13,535334,94,5.9%,2.7%,345619,3.0%,1.7%
2038-12-13,598082,95,5.9%,4.6%,488746,3.9%,2.0%
2039-01-12,730618,88,4.3%,3.7%,448683,3.8%,3.0%
2039-02-11,719153,88,4.3%,4.2%,444045,4.5%,1.4%
2039-03-13,986328,103,4.1%,2.4%,442322,4.1%,1.6%
2039-04-12,761493,110,5.9%,3.0%,205491,3.8%,1.6%
2039-05-12,823731,93,4.0%,3.9%,234195,3.7%,1.4%
2039-06-11,723929,85,5.2%,3.7%,262983,3.1%,1.9%
2039-07-11,825259,96,4.0%,2.8%,436547,2.1%,2.5%
2039-08-10,603438,87,4.5%,2.9%,418246,3.6%,1.5%
2039-09-09,901223,85,5.7%,3.0%,442537,2.8%,1.2%
2039-10-09,506331,105,4.7%,2.3%,479375,3.7%,2.1%
2039-11-08,696811,110,4.5%,5.0%,212582,4.9%,2.0%
2039-12-08,624277,109,4.3%,4.2%,327241,3.0%,2.3%
2040-01-07,690152,98,4.2%,2.1%,299302,3.8%,2.9%
2040-02-06,987745,107,5.8%,4.9%,348378,3.5%,2.0%
2040-03-07,836555,110,5.5%,4.6%,474098,2.4%,1.5%
2040-04-06,533031,106,5.3%,4.6%,218527,3.2%,2.3%
2040-05-06,642931,82,5.2%,3.9%,411949,4.1%,1.2%
2040-06-05,826168,106,4.7%,2.5%,344176,3.3%,2.0%
2040-07-05,838353,99,5.3%,4.3%,232912,3.4%,1.8%
2040-08-04,620058,101,5.6%,4.6%,352321,2.7%,2.7%
2040-09-03,905758,92,5.6%,4.3%,288161,3.4%,3.0%
2040-10-03,668533,100,6.0%,4.1%,314222,3.2%,2.8%
2040-11-02,758032,99,5.4%,2.4%,238399,2.2%,2.4%
2040-12-02,883019,100,5.0%,4.4%,460609,2.1%,2.3%
2041-01-01,982673,93,4.7%,2.2%,218168,4.8%,1.6%
2041-01-31,680779,100,5.2%,2.7%,329565,3.6%,1.5%
2041-03-02,704715,83,5.1%,5.0%,363615,4.1%,1.5%
2041-04-01,984973,94,5.3%,2.9%,200282,2.3%,2.9%
2041-05-01,928737,94,4.7%,4.6%,292133,3.2%,1.7%
2041-05-31,653518,87,6.0%,2.2%,376349,4.9%,2.9%
2041-06-30,849070,85,4.2%,3.2%,415435,3.1%,1.5%
2041-07-30,682148,97,5.8%,3.7%,234667,2.0%,2.9%
2041-08-29,862240,100,5.7%,3.3%,271913,3.4%,1.2%
2041-09-28,568822,100,5.5%,3.6%,429718,2.5%,2.4%
2041-10-28,942819,81,5.5%,4.0%,373093,2.6%,2.2%
2041-11-27,782713,94,5.5%,2.3%,428442,2.3%,1.2%
2041-12-27,945300,100,4.4%,3.1%,399831,2.4%,1.5%
2042-01-26,981529,99,5.1%,2.8%,365288,2.6%,3.0%
2042-02-25,902352,97,4.5%,4.3%,395675,2.5%,1.7%
2042-03-27,791793,104,5.3%,2.1%,349007,4.6%,1.1%
2042-04-26,557119,99,4.2%,2.1%,472107,2.4%,2.1%
2042-05-26,670496,93,5.7%,3.8%,313816,4.1%,2.1%
2042-06-25,731791,107,5.5%,3.0%,292220,3.7%,1.9%
2042-07-25,523276,91,5.7%,2.4%,394610,3.3%,2.8%
2042-08-24,897613,106,4.1%,2.5%,382512,3.5%,1.4%
2042-09-23,859255,99,5.0%,3.1%,365276,4.4%,1.3%
2042-10-23,657507,91,5.9%,4.0%,446276,4.5%,1.7%
2042-11-22,669349,102,4.4%,4.7%,329318,4.6%,2.0%
2042-12-22,823470,95,4.8%,4.6%,368561,3.9%,1.1%
2043-01-21,762385,92,4.3%,4.6%,300640,4.8%,2.5%
2043-02-20,685651,90,4.3%,2.2%,439224,3.1%,2.3%
2043-03-22,970543,95,4.4%,4.1%,294937,2.9%,1.6%
2043-04-21,606839,109,5.5%,2.9%,490149,2.1%,1.9%
2043-05-21,700149,108,4.5%,2.9%,258073,3.4%,2.9%
2043-06-20,884166,80,4.7%,3.2%,354177,4.0%,1.8%
2043-07-20,902303,87,4.2%,3.9%,280942,2.5%,1.7%
2043-08-19,500422,80,5.7%,3.4%,255218,5.0%,1.3%
2043-09-18,826426,100,5.6%,4.6%,271788,2.4%,2.5%
2043-10-18,918955,104,4.2%,4.2%,329155,3.7%,2.6%
2043-11-17,539963,97,5.6%,2.3%,493951,4.4%,1.6%
2043-12-17,915017,110,4.6%,3.0%,408352,2.1%,2.4%
2044-01-16,629030,108,4.2%,4.7%,289968,3.5%,1.2%
2044-02-15,909319,109,5.8%,4.2%,366661,3.3%,2.1%
2044-03-16,641179,91,5.7%,4.2%,264200,2.7%,2.4%
2044-04-15,756410,103,5.3%,2.4%,271671,3.6%,1.6%
2044-05-15,684872,104,5.5%,4.8%,495234,3.2%,2.0%
2044-06-14,545907,94,4.7%,4.6%,380597,2.6%,1.9%
2044-07-14,772180,109,4.1%,3.8%,248190,5.0%,1.2%
2044-08-13,938899,81,5.7%,3.3%,258849,4.9%,2.8%
2044-09-12,852316,88,5.2%,4.0%,433820,3.8%,2.3%
2044-10-12,618920,93,5.1%,2.2%,424264,4.4%,3.0%
2044-11-11,821912,97,5.1%,4.3%,347058,3.3%,2.1%
2044-12-11,558831,99,5.6%,2.9%,381067,4.6%,1.5%
2045-01-10,787112,89,5.2%,2.9%,440354,4.9%,2.1%
2045-02-09,546017,94,5.2%,3.9%,448516,2.5%,1.4%
2045-03-11,739417,104,5.9%,4.8%,458970,2.8%,1.8%
2045-04-10,874406,100,5.4%,2.6%,496093,4.7%,2.5%
2045-05-10,509999,97,5.7%,4.5%,449996,3.9%,1.1%
2045-06-09,914722,94,5.7%,3.9%,446810,4.8%,2.7%
2045-07-09,616761,105,5.3%,2.8%,275882,2.1%,1.1%
2045-08-08,680816,90,5.6%,4.1%,492584,4.0%,1.3%
2045-09-07,969937,93,5.8%,2.6%,492302,4.5%,1.4%
2045-10-07,982531,95,4.9%,3.3%,383322,3.9%,1.3%
2045-11-06,689637,107,5.3%,4.5%,400037,3.6%,1.5%
2045-12-06,977750,107,4.3%,4.7%,498333,4.9%,2.0%
2046-01-05,675232,93,4.9%,4.8%,296775,3.0%,2.4%
2046-02-04,776036,94,5.3%,3.0%,473384,3.5%,2.3%
2046-03-06,968555,102,6.0%,3.3%,467936,3.0%,1.5%
2046-04-05,615164,93,5.2%,3.1%,337430,4.0%,2.7%
2046-05-05,504832,84,5.3%,4.9%,299548,2.6%,3.0%
2046-06-04,543584,83,4.9%,3.4%,463724,3.2%,1.8%
2046-07-04,762948,83,5.5%,3.7%,201786,3.0%,2.4%
2046-08-03,594762,90,5.6%,3.2%,206928,4.6%,1.4%
2046-09-02,724135,108,4.3%,2.4%,274634,3.9%,1.9%
2046-10-02,991691,95,5.7%,2.7%,262758,3.7%,2.8%
2046-11-01,783402,107,4.8%,4.8%,461765,4.9%,1.1%
2046-12-01,626300,81,4.5%,2.9%,362882,4.8%,1.3%
2046-12-31,826371,97,5.7%,2.2%,366971,4.6%,2.9%
2047-01-30,622530,98,4.4%,3.1%,214271,2.4%,1.9%
2047-03-01,913635,92,5.5%,2.6%,447051,3.6%,1.2%
2047-03-31,651763,83,5.5%,2.4%,315416,4.9%,2.2%
2047-04-30,666339,104,5.6%,4.3%,386707,2.3%,2.8%
2047-05-30,726056,91,5.2%,4.4%,323123,4.4%,1.8%
2047-06-29,598837,86,5.7%,3.5%,265775,3.8%,1.5%
2047-07-29,592934,98,4.1%,3.0%,402499,4.2%,2.1%
2047-08-28,543889,86,4.2%,3.9%,309587,3.0%,1.7%
2047-09-27,891354,84,4.8%,3.2%,343171,3.4%,1.0%
2047-10-27,994983,92,4.4%,4.0%,271038,4.3%,1.3%
2047-11-26,653852,94,4.5%,3.6%,317260,3.8%,2.1%
2047-12-26,848280,98,5.0%,2.3%,454791,4.5%,2.0%
2048-01-25,501526,99,5.4%,4.5%,367609,3.4%,2.1%
2048-02-24,776274,83,4.4%,3.8%,433158,4.7%,1.3%
2048-03-25,890067,80,5.8%,3.8%,416843,3.6%,2.7%
2048-04-24,861584,80,4.0%,2.4%,301849,3.9%,3.0%
2048-05-24,585834,96,4.4%,2.0%,337159,2.1%,2.6%
2048-06-23,801802,93,5.1%,4.7%,358222,3.7%,1.3%
2048-07-23,501222,80,5.5%,2.1%,412754,4.9%,2.9%
2048-08-22,917654,100,5.5%,4.1%,499093,2.4%,1.4%
2048-09-21,815348,105,4.7%,4.9%,329831,3.8%,3.0%
2048-10-21,794729,81,4.7%,2.0%,202293,3.1%,2.7%
2048-11-20,669486,104,4.6%,4.4%,467755,3.3%,1.7%
2048-12-20,736983,106,5.5%,4.7%,316699,4.6%,1.1%
2049-01-19,620482,98,6.0%,3.8%,391909,2.4%,2.3%
2049-02-18,785695,95,5.1%,4.8%,458798,4.2%,2.2%
2049-03-20,664665,105,4.6%,3.0%,399530,4.9%,1.8%
2049-04-19,890482,99,4.3%,4.6%,454014,2.5%,2.1%
2049-05-19,805205,98,4.4%,2.9%,266765,3.6%,1.2%
2049-06-18,896275,93,5.1%,2.7%,499823,2.2%,2.7%
2049-07-18,841228,108,5.5%,2.9%,486446,4.1%,2.1%
2049-08-17,947123,88,5.0%,2.2%,234505,3.8%,2.5%
2049-09-16,870282,90,5.3%,3.5%,214194,3.7%,1.8%
2049-10-16,525073,84,5.6%,3.0%,227289,2.7%,2.3%
2049-11-15,960553,85,5.5%,2.1%,401055,4.5%,2.5%
2049-12-15,940346,97,4.4%,4.6%,480149,3.7%,2.0%
2050-01-14,577840,101,4.7%,4.6%,426508,4.3%,2.0%
2050-02-13,505437,109,5.7%,3.3%,382873,2.8%,1.3%
2050-03-15,973570,80,5.6%,2.9%,435857,4.7%,2.7%
2050-04-14,973598,87,5.3%,4.7%,211277,4.9%,2.1%
2050-05-14,573912,104,5.0%,4.5%,220039,2.9%,1.5%
2050-06-13,515556,90,4.9%,4.5%,319972,3.8%,1.4%
2050-07-13,545646,86,5.7%,3.5%,466094,4.2%,2.7%
2050-08-12,803371,102,5.2%,4.8%,373486,4.4%,1.5%
2050-09-11,554101,95,5.5%,3.6%,389908,4.8%,1.7%
2050-10-11,757328,105,4.5%,4.0%,202379,3.7%,2.7%
2050-11-10,736491,95,5.5%,4.5%,436047,4.8%,1.6%
2050-12-10,747469,100,6.0%,4.9%,253390,4.1%,2.0%
2051-01-09,728683,97,5.4%,3.6%,384950,3.3%,1.3%
2051-02-08,967473,101,5.0%,4.1%,250827,4.8%,1.2%
2051-03-10,705401,108,4.4%,4.3%,375736,4.2%,2.7%
2051-04-09,915276,88,4.6%,4.1%,488422,3.8%,1.7%
2051-05-09,798554,101,4.7%,3.2%,303091,3.1%,1.8%
2051-06-08,510454,109,5.2%,2.0%,233575,2.5%,2.4%
2051-07-08,793922,92,5.8%,3.8%,435068,3.5%,1.6%
2051-08-07,512876,90,5.5%,2.0%,215045,3.8%,1.1%
2051-09-06,715951,109,5.0%,3.9%,354004,2.1%,2.9%
2051-10-06,542394,101,5.1%,3.5%,342077,3.1%,1.2%
2051-11-05,869398,90,4.3%,3.8%,361689,3.4%,1.1%
2051-12-05,922178,84,5.6%,3.2%,287161,3.2%,2.5%
2052-01-04,721151,104,5.0%,2.1%,210785,4.5%,1.7%
2052-02-03,679428,106,4.1%,3.1%,486616,4.4%,2.0%
2052-03-04,784439,84,4.4%,4.6%,234589,2.1%,3.0%
2052-04-03,654258,87,4.6%,3.7%,486082,3.6%,2.5%
2052-05-03,607762,96,5.9%,4.9%,441615,4.4%,1.2%
2052-06-02,860029,94,5.1%,2.8%,293394,2.3%,1.3%
2052-07-02,945886,88,4.2%,4.6%,374567,2.3%,1.7%
2052-08-01,569097,85,5.8%,4.1%,215932,2.2%,2.6%
2052-08-31,705061,96,4.1%,2.2%,492792,2.2%,2.9%
2052-09-30,996930,91,4.4%,2.3%,255186,2.3%,1.7%
2052-10-30,780814,84,4.9%,4.1%,341185,4.2%,1.9%
2052-11-29,699226,93,5.4%,2.5%,215356,4.8%,1.8%
2052-12-29,729433,100,5.9%,4.1%,368674,4.6%,1.1%
2053-01-28,638070,82,5.6%,4.9%,230549,3.6%,1.5%
2053-02-27,940550,82,5.0%,3.1%,305036,4.1%,1.6%
2053-03-29,973279,80,5.6%,2.9%,446453,3.8%,2.3%
2053-04-28,723283,90,4.1%,4.8%,202355,3.0%,2.5%
2053-05-28,899718,103,4.5%,4.3%,462320,3.5%,2.4%
2053-06-27,903270,98,4.3%,3.3%,233268,4.9%,1.8%
2053-07-27,547486,84,5.3%,3.7%,427978,4.6%,2.9%
2053-08-26,897238,96,4.3%,3.1%,462853,2.8%,1.4%
2053-09-25,702152,95,4.5%,2.8%,380521,3.4%,1.5%
2053-10-25,666164,109,5.9%,3.8%,380373,2.3%,1.7%
2053-11-24,701844,87,5.9%,3.9%,239035,2.1%,1.4%
2053-12-24,979455,92,4.3%,3.0%,329757,2.8%,3.0%
2054-01-23,526955,83,5.7%,4.7%,450742,3.3%,2.7%
2054-02-22,609528,96,4.2%,2.9%,406924,2.7%,1.6%
2054-03-24,721765,109,5.6%,2.2%,228936,3.6%,1.6%
2054-04-23,928375,106,6.0%,2.3%,335361,3.2%,2.7%
2054-05-23,777030,98,5.4%,4.9%,491740,4.5%,1.2%
2054-06-22,790648,82,5.5%,3.7%,283302,2.0%,2.8%
2054-07-22,528076,106,4.4%,4.2%,412677,2.4%,2.6%
2054-08-21,677509,105,5.7%,4.2%,352226,2.7%,2.0%
2054-09-20,581131,91,4.4%,3.3%,428907,3.6%,2.3%
2054-10-20,578596,102,4.4%,3.5%,298304,2.2%,1.6%
2054-11-19,997613,86,5.8%,2.8%,358104,3.9%,2.5%
2054-12-19,540798,100,4.9%,3.9%,420854,4.0%,2.8%
2055-01-18,530005,81,5.7%,3.9%,304607,4.6%,2.0%
2055-02-17,616338,96,4.1%,4.6%,364086,4.3%,1.6%
2055-03-19,860691,107,4.1%,4.3%,403417,4.1%,1.4%
2055-04-18,763176,96,4.6%,4.3%,272531,2.7%,2.6%
2055-05-18,782371,109,5.2%,3.0%,320442,3.1%,1.5%
2055-06-17,627673,100,5.2%,3.0%,299961,3.1%,2.9%
2055-07-17,736393,83,4.6%,4.9%,367501,3.8%,2.6%
2055-08-16,654277,95,5.1%,3.3%,243260,3.5%,1.3%
2055-09-15,650041,107,5.1%,2.3%,272621,3.5%,2.2%
2055-10-15,665609,103,4.1%,2.6%,280061,2.9%,1.2%
2055-11-14,557342,92,4.3%,2.9%,222808,2.3%,2.9%
2055-12-14,913894,95,4.9%,2.4%,248396,4.3%,2.7%
2056-01-13,817034,105,4.2%,3.2%,464567,2.2%,1.5%
2056-02-12,574902,100,4.5%,2.8%,478324,3.2%,1.9%
2056-03-13,672808,96,4.3%,2.6%,298204,4.6%,2.2%
2056-04-12,709597,106,4.6%,4.7%,348983,4.8%,2.3%
2056-05-12,791587,91,5.7%,4.2%,368831,4.1%,2.4%
2056-06-11,834624,86,4.2%,4.1%,309347,2.4%,2.0%
2056-07-11,583997,83,4.9%,2.3%,323014,3.3%,1.1%
2056-08-10,691645,110,5.3%,3.8%,445873,3.9%,1.6%
2056-09-09,643787,80,5.4%,4.4%,467944,2.7%,2.1%
2056-10-09,727243,106,5.7%,2.1%,254465,3.1%,2.4%
2056-11-08,525779,99,5.2%,2.2%,333636,4.8%,2.2%
2056-12-08,594044,88,4.1%,3.4%,389607,2.5%,2.4%
2057-01-07,975228,85,4.2%,4.7%,377635,3.3%,1.1%
2057-02-06,551988,110,4.8%,4.8%,424898,4.6%,1.1%
2057-03-08,706562,110,5.2%,4.0%,483979,4.3%,1.0%
2057-04-07,609192,90,5.2%,3.1%,292595,3.4%,2.1%
2057-05-07,780011,85,5.3%,4.1%,255282,3.0%,2.2%
2057-06-06,843477,83,4.7%,4.4%,229438,2.7%,1.2%
2057-07-06,649793,103,4.6%,2.7%,241627,4.0%,2.2%
2057-08-05,849617,89,5.9%,3.1%,203517,2.7%,2.9%
2057-09-04,560167,99,5.6%,2.4%,243878,4.0%,2.5%
2057-10-04,932792,80,4.1%,3.3%,213800,2.2%,1.5%
2057-11-03,807596,100,4.8%,3.2%,212222,3.8%,2.6%
2057-12-03,894308,92,5.2%,2.9%,249101,4.5%,2.5%
2058-01-02,536621,96,5.4%,4.3%,238369,2.3%,2.3%
2058-02-01,618816,97,4.6%,2.2%,363455,4.7%,2.6%
2058-03-03,580943,81,5.5%,2.5%,202861,2.5%,1.0%
2058-04-02,760609,88,5.0%,4.3%,306311,2.9%,2.3%
2058-05-02,913777,84,5.4%,4.7%,480393,2.3%,1.9%
2058-06-01,690000,94,4.8%,2.5%,393027,3.2%,2.0%
2058-07-01,635124,102,5.7%,4.3%,302669,4.3%,1.2%
2058-07-31,796756,84,4.6%,4.2%,370346,3.9%,2.9%
2058-08-30,968626,93,4.3%,4.1%,359691,4.8%,2.4%
2058-09-29,742126,102,5.5%,3.0%,316058,3.7%,1.9%
2058-10-29,514169,101,4.3%,3.7%,498412,2.9%,1.6%
2058-11-28,658652,100,6.0%,2.5%,283747,2.0%,2.9%
2058-12-28,524930,99,5.7%,3.7%,467731,3.6%,2.0%
2059-01-27,685538,81,4.2%,3.8%,487982,4.1%,1.5%
2059-02-26,714669,91,4.8%,4.8%,243320,3.7%,2.9%
2059-03-28,949844,91,4.9%,5.0%,355821,4.2%,1.5%
2059-04-27,729498,86,4.8%,4.7%,351263,2.5%,2.6%
2059-05-27,978325,88,4.6%,3.3%,472580,2.4%,1.9%
2059-06-26,686809,104,4.2%,2.3%,396602,4.0%,2.3%
2059-07-26,988867,110,5.5%,3.4%,434247,2.2%,1.2%
2059-08-25,897192,92,4.1%,4.4%,412200,3.6%,1.3%
2059-09-24,705323,109,4.5%,3.3%,244732,2.4%,2.0%
2059-10-24,918928,98,4.7%,2.4%,295865,3.4%,2.0%
2059-11-23,635866,85,5.3%,2.1%,398966,5.0%,2.8%
2059-12-23,724681,104,5.3%,2.4%,236184,2.2%,2.7%
2060-01-22,880374,101,5.3%,2.8%,324295,4.9%,1.7%
2060-02-21,947273,110,4.8%,2.9%,427067,3.6%,2.1%
2060-03-22,972253,95,4.7%,4.6%,397196,3.4%,1.7%
2060-04-21,770000,89,4.8%,2.4%,396515,2.9%,2.5%
2060-05-21,934467,93,4.9%,3.0%,215700,3.7%,2.9%
2060-06-20,657900,81,5.9%,3.1%,241651,2.2%,2.5%
2060-07-20,767112,101,5.7%,4.0%,280620,2.3%,2.4%
2060-08-19,539408,104,5.9%,2.4%,219297,4.4%,1.5%
2060-09-18,899403,99,4.7%,4.0%,206375,4.2%,2.3%
2060-10-18,501249,84,4.3%,2.5%,235258,3.1%,2.4%
2060-11-17,714175,81,5.1%,2.6%,464573,2.5%,2.2%
2060-12-17,924435,90,5.0%,4.1%,323810,4.0%,2.3%
2061-01-16,740318,87,5.7%,3.3%,228635,3.5%,2.1%
2061-02-15,913869,91,4.7%,2.5%,376122,2.1%,2.2%
2061-03-17,668246,96,5.1%,2.1%,352749,2.8%,1.3%
2061-04-16,523161,95,4.0%,3.7%,225038,4.0%,2.1%
2061-05-16,850191,92,5.5%,2.9%,310004,2.1%,1.6%
2061-06-15,879275,87,5.1%,4.1%,347227,4.0%,2.2%
2061-07-15,812807,103,4.0%,2.7%,361004,4.6%,1.5%
2061-08-14,884018,96,5.3%,4.7%,311944,2.4%,2.3%
2061-09-13,576392,97,4.1%,4.6%,308531,2.9%,1.3%
2061-10-13,837344,107,4.3%,3.9%,460641,4.9%,2.4%
2061-11-12,662126,92,4.9%,2.2%,209122,3.1%,2.6%
2061-12-12,701035,92,5.0%,3.3%,355474,4.7%,2.9%
2062-01-11,963555,86,5.0%,4.3%,424187,4.7%,2.1%
2062-02-10,682166,105,5.5%,2.7%,263878,4.0%,3.0%
2062-03-12,833496,93,4.6%,4.8%,329501,3.9%,2.1%
2062-04-11,854710,106,5.0%,4.4%,392433,3.9%,2.7%
2062-05-11,713408,110,4.3%,3.0%,469900,4.7%,1.7%
2062-06-10,841612,101,4.7%,2.2%,404617,3.2%,1.9%
2062-07-10,759774,93,4.4%,4.7%,419322,3.1%,1.6%
2062-08-09,508308,95,5.1%,3.2%,334090,2.5%,1.2%
2062-09-08,529263,92,4.9%,4.3%,430572,4.0%,1.2%
2062-10-08,753262,85,5.3%,2.7%,499972,2.4%,2.0%
2062-11-07,826931,98,4.7%,3.2%,437626,3.8%,1.1%
2062-12-07,966004,99,5.3%,4.3%,322548,3.1%,1.5%
2063-01-06,907765,82,4.0%,2.0%,382583,2.1%,1.8%
2063-02-05,569615,105,5.8%,4.7%,233664,4.2%,2.8%
2063-03-07,760946,110,4.5%,4.7%,361749,4.1%,2.1%
2063-04-06,808867,97,5.2%,2.3%,254535,4.3%,2.5%
2063-05-06,546409,109,4.4%,3.7%,270173,2.6%,2.2%
2063-06-05,845280,102,5.7%,3.3%,460613,3.3%,1.1%
2063-07-05,544427,104,5.9%,2.4%,346787,3.1%,2.2%
2063-08-04,515649,108,5.4%,4.7%,499171,3.8%,2.0%
2063-09-03,879285,97,5.2%,4.7%,280430,2.8%,1.3%
2063-10-03,651910,81,4.1%,4.3%,399063,4.3%,1.4%
2063-11-02,648412,82,4.7%,2.1%,307893,4.7%,2.1%
2063-12-02,799383,106,4.2%,4.5%,298910,2.3%,1.6%
2064-01-01,934621,109,4.4%,3.0%,443859,2.7%,1.0%
2064-01-31,803205,110,4.1%,3.7%,267626,3.1%,2.6%
2064-03-01,569255,83,4.7%,4.1%,371528,4.7%,1.5%
2064-03-31,879964,95,5.7%,4.1%,468307,4.5%,2.7%
2064-04-30,768001,104,4.2%,4.9%,488309,4.8%,1.1%
2064-05-30,516351,100,4.3%,3.7%,496996,2.5%,2.8%
2064-06-29,551451,109,5.9%,4.6%,308588,4.8%,2.9%
2064-07-29,861601,89,6.0%,4.9%,338191,3.0%,1.7%
2064-08-28,798117,92,5.6%,2.1%,222690,4.1%,1.4%
2064-09-27,547870,84,5.3%,4.3%,464197,3.9%,2.2%
2064-10-27,593625,103,4.9%,3.4%,305296,3.5%,1.5%
2064-11-26,849310,85,4.0%,2.3%,212176,2.6%,2.0%
2064-12-26,977484,93,4.2%,4.2%,368617,2.0%,1.3%
2065-01-25,753165,97,5.8%,3.3%,486019,4.0%,2.3%
2065-02-24,850581,94,5.4%,4.2%,274713,3.7%,2.3%
2065-03-26,618497,80,5.8%,4.2%,493939,3.7%,2.2%
2065-04-25,835924,80,4.4%,3.6%,360584,2.2%,1.4%
2065-05-25,969967,108,4.8%,3.4%,203499,4.7%,2.0%
2065-06-24,993271,84,4.9%,3.9%,334223,2.7%,2.8%
2065-07-24,871104,85,4.8%,2.4%,287893,3.1%,1.6%
2065-08-23,746031,106,4.8%,4.1%,316925,4.2%,2.8%
2065-09-22,617968,84,4.9%,4.9%,432536,4.8%,1.8%
2065-10-22,863106,101,4.3%,2.9%,498219,2.7%,1.7%
2065-11-21,974513,85,6.0%,4.9%,442075,2.8%,1.9%
2065-12-21,517101,83,5.8%,2.2%,306946,3.1%,2.1%
2066-01-20,807478,100,5.7%,4.2%,248777,4.3%,1.2%
2066-02-19,829746,102,5.4%,2.3%,465263,4.4%,2.7%
2066-03-21,854761,101,5.4%,3.3%,280635,3.8%,2.5%
2066-04-20,685716,108,4.4%,2.0%,265994,2.9%,2.0%
2066-05-20,504112,84,5.3%,3.1%,375087,3.8%,2.4%
2066-06-19,554413,110,4.6%,4.3%,356106,4.6%,1.1%
2066-07-19,860908,83,5.9%,3.7%,225144,2.8%,2.5%
2066-08-18,593498,80,5.0%,4.5%,444434,3.7%,1.4%
2066-09-17,951527,90,4.9%,4.6%,356265,3.0%,1.7%
2066-10-17,799489,93,4.2%,2.1%,322480,3.8%,1.1%
2066-11-16,762792,108,5.8%,4.0%,206742,3.4%,1.4%
2066-12-16,810289,92,4.5%,4.0%,244685,3.7%,1.9%
2067-01-15,528748,108,5.9%,4.3%,450321,2.3%,2.8%
2067-02-14,963920,97,5.7%,4.2%,282649,4.5%,2.6%
2067-03-16,890749,93,5.5%,2.1%,493350,4.8%,2.5%
2067-04-15,910831,87,5.0%,3.9%,205872,4.0%,2.2%
2067-05-15,780575,92,5.6%,3.0%,264197,2.5%,1.1%
2067-06-14,668464,98,4.4%,3.2%,477284,3.1%,1.4%
2067-07-14,939158,108,5.8%,3.5%,484264,5.0%,2.4%
2067-08-13,504695,110,4.6%,4.6%,269839,3.5%,3.0%
2067-09-12,744485,94,5.0%,4.7%,275808,2.8%,1.8%
2067-10-12,760366,83,4.4%,2.9%,406789,4.2%,2.6%
2067-11-11,853160,83,4.8%,3.5%,461013,3.2%,2.5%
2067-12-11,519704,90,4.3%,3.6%,320690,4.0%,2.9%
2068-01-10,723681,92,5.4%,4.5%,272885,2.9%,2.9%
2068-02-09,953861,80,4.2%,4.8%,372391,3.8%,1.2%
2068-03-10,906681,93,4.2%,3.9%,482730,3.2%,1.5%
2068-04-09,989072,107,5.5%,3.1%,471083,2.2%,1.2%
2068-05-09,773178,94,4.4%,3.6%,369217,4.8%,1.3%
2068-06-08,593216,105,4.1%,2.2%,218359,3.5%,2.3%
2068-07-08,883433,85,5.0%,3.0%,230441,2.4%,1.1%
2068-08-07,832829,103,4.9%,4.6%,304141,2.6%,1.2%
2068-09-06,524132,89,5.0%,3.2%,248589,3.2%,2.9%
2068-10-06,670981,80,4.7%,2.2%,214776,4.9%,1.8%
2068-11-05,775759,89,4.3%,3.8%,268650,2.7%,2.6%
2068-12-05,544325,90,5.7%,3.3%,284675,4.1%,1.2%
2069-01-04,865955,95,4.2%,2.1%,254531,4.2%,1.7%
2069-02-03,721751,95,4.2%,2.6%,488447,4.0%,2.0%
2069-03-05,680240,104,5.7%,4.7%,437112,2.9%,2.4%
2069-04-04,667616,91,4.6%,2.3%,348590,4.2%,2.6%
2069-05-04,617340,81,5.8%,4.0%,495017,3.7%,1.9%
2069-06-03,624689,91,5.5%,4.6%,462970,4.5%,1.9%
2069-07-03,908458,99,5.4%,4.6%,300273,3.4%,2.8%
2069-08-02,839520,102,4.4%,3.3%,441795,3.1%,1.7%
2069-09-01,595734,87,4.1%,2.3%,234673,3.3%,2.1%
2069-10-01,701956,81,4.4%,4.3%,488843,3.9%,2.8%
2069-10-31,864223,93,5.6%,4.0%,284705,3.5%,1.8%
2069-11-30,896928,95,5.2%,2.8%,216232,3.2%,1.9%
2069-12-30,646580,102,5.4%,2.5%,238211,2.7%,1.3%
2070-01-29,772531,87,5.5%,4.6%,341541,3.9%,2.7%
2070-02-28,558407,93,5.7%,4.8%,478026,4.7%,2.5%
2070-03-30,789556,85,4.6%,3.4%,201236,4.5%,2.8%
2070-04-29,964763,82,5.6%,2.5%,324545,3.1%,1.6%
2070-05-29,700637,87,5.4%,3.2%,250701,2.7%,1.0%
2070-06-28,881578,88,5.3%,3.7%,261475,4.1%,1.6%
2070-07-28,661301,84,4.1%,2.2%,241337,4.0%,2.8%
2070-08-27,959078,104,4.0%,4.0%,454945,3.1%,1.9%
2070-09-26,605277,107,5.9%,4.6%,492750,2.1%,2.5%
2070-10-26,822102,108,4.6%,3.0%,382748,2.4%,1.9%
2070-11-25,640199,90,4.0%,3.5%,364719,2.9%,2.5%
2070-12-25,973234,87,5.0%,3.2%,398674,3.4%,2.3%
2071-01-24,532439,88,4.5%,3.1%,474020,3.6%,1.9%
2071-02-23,528594,102,5.6%,3.7%,334710,3.6%,1.9%
2071-03-25,741655,102,5.4%,4.8%,462025,4.5%,2.8%
2071-04-24,750839,85,4.9%,3.7%,469621,4.3%,1.2%
2071-05-24,714374,101,4.1%,3.0%,478526,4.2%,2.7%
2071-06-23,751488,94,4.9%,2.4%,484446,3.9%,1.5%
2071-07-23,721304,81,4.0%,4.5%,305071,3.9%,1.8%
2071-08-22,684199,107,4.9%,4.3%,411848,3.1%,2.0%
2071-09-21,580660,95,5.7%,3.1%,245780,4.7%,1.1%
2071-10-21,711262,82,5.6%,4.8%,309125,4.6%,1.2%
2071-11-20,771250,106,5.6%,2.1%,272154,4.2%,2.9%
2071-12-20,807683,88,5.2%,2.2%,308173,4.3%,2.5%
2072-01-19,642276,109,4.5%,2.9%,451360,3.5%,2.7%
2072-02-18,635820,99,4.9%,3.8%,220066,4.8%,1.9%
2072-03-19,766142,109,5.5%,2.8%,337607,2.6%,2.6%
2072-04-18,565334,106,5.2%,2.8%,208272,3.4%,2.6%
2072-05-18,611234,86,4.4%,4.0%,327097,4.8%,3.0%
2072-06-17,891419,90,5.2%,3.7%,245161,3.8%,2.7%
2072-07-17,665737,83,5.0%,4.0%,381247,2.8%,2.5%
2072-08-16,959062,102,5.5%,4.9%,441325,4.5%,2.7%
2072-09-15,885784,85,4.2%,3.5%,323213,3.0%,1.6%
2072-10-15,950515,92,5.1%,4.3%,427318,4.2%,1.9%
2072-11-14,964380,102,5.8%,4.4%,497548,3.4%,1.1%
2072-12-14,632371,85,5.7%,2.3%,268347,4.5%,1.5%
2073-01-13,861013,110,4.3%,2.6%,289484,4.6%,1.8%
2073-02-12,952265,100,4.4%,2.9%,337418,3.3%,1.5%
2073-03-14,505295,88,5.9%,4.8%,263599,4.3%,2.5%
2073-04-13,875668,109,4.6%,4.4%,395973,3.3%,2.8%
2073-05-13,788034,103,4.9%,2.5%,452333,2.4%,2.5%
2073-06-12,798696,97,4.7%,3.1%,448514,5.0%,1.6%
2073-07-12,650128,110,5.7%,4.7%,330502,4.6%,1.5%
2073-08-11,512633,95,4.5%,3.7%,282170,2.8%,1.7%
2073-09-10,744726,91,4.1%,4.0%,392421,4.2%,2.0%
2073-10-10,785683,84,4.3%,2.0%,439181,4.9%,2.9%
2073-11-09,945417,93,5.1%,2.8%,453695,2.8%,1.1%
2073-12-09,891369,108,4.2%,3.5%,343154,4.2%,1.4%
2074-01-08,533473,86,4.8%,3.8%,285686,3.3%,2.8%
2074-02-07,869270,92,5.8%,5.0%,272621,4.8%,1.7%
2074-03-09,649148,88,5.8%,2.4%,430669,4.1%,1.1%
2074-04-08,962260,90,5.4%,2.3%,223089,3.5%,2.2%
2074-05-08,967160,106,5.8%,3.8%,269012,4.7%,1.2%
2074-06-07,574143,94,4.8%,4.4%,345206,5.0%,1.4%
2074-07-07,622769,88,4.3%,2.7%,235405,2.0%,2.3%
2074-08-06,500038,98,4.7%,3.5%,381886,2.9%,2.4%
2074-09-05,914861,87,4.4%,2.6%,450502,3.6%,1.2%
2074-10-05,726008,87,5.7%,3.2%,448462,3.2%,2.5%
2074-11-04,562672,80,4.3%,2.9%,310909,2.5%,1.3%
2074-12-04,991170,101,4.9%,4.2%,268737,2.7%,1.2%
2075-01-03,684383,86,4.8%,4.7%,441546,4.5%,2.1%
2075-02-02,658203,98,5.0%,4.0%,336656,2.9%,2.3%
2075-03-04,657249,94,5.8%,2.8%,379442,3.0%,2.3%
2075-04-03,988593,92,4.4%,3.7%,261691,3.1%,1.6%
2075-05-03,907577,95,5.7%,4.0%,499676,3.4%,1.1%
2075-06-02,770937,107,4.7%,2.4%,457177,3.8%,1.8%
2075-07-02,590169,87,5.9%,4.8%,353530,3.4%,2.2%
2075-08-01,795827,102,4.7%,2.8%,376220,4.7%,3.0%
2075-08-31,859099,98,5.0%,4.3%,287569,4.5%,2.0%
2075-09-30,921391,81,5.3%,2.3%,373363,4.0%,2.1%
2075-10-30,969715,99,5.2%,3.3%,381698,4.3%,2.3%
2075-11-29,607129,86,5.2%,4.8%,287761,4.5%,2.8%
2075-12-29,599101,84,4.2%,3.4%,392190,4.0%,2.2%
2076-01-28,658011,82,4.0%,2.5%,336953,2.1%,2.8%
2076-02-27,609141,94,4.6%,4.9%,341755,3.5%,2.0%
2076-03-28,677309,94,5.5%,4.8%,206263,5.0%,2.9%
2076-04-27,586644,102,4.6%,4.5%,200773,2.2%,2.9%
2076-05-27,882088,81,4.4%,3.8%,350903,2.7%,1.7%
2076-06-26,934257,85,4.8%,2.8%,309476,3.1%,1.3%
2076-07-26,541833,96,4.5%,4.3%,264385,4.2%,2.1%
2076-08-25,704081,104,6.0%,4.7%,360780,2.9%,1.3%
2076-09-24,993682,87,4.6%,4.4%,393948,3.8%,2.5%
2076-10-24,620112,92,5.2%,4.7%,331576,2.3%,1.5%
2076-11-23,744925,99,4.4%,3.9%,336150,4.8%,2.7%
2076-12-23,822471,101,4.8%,5.0%,418354,3.8%,2.3%
2077-01-22,829233,99,4.3%,3.8%,484713,4.6%,2.2%
2077-02-21,815792,98,4.6%,2.3%,470797,4.8%,2.8%
2077-03-23,696737,100,4.5%,4.3%,413410,4.9%,1.8%
2077-04-22,605366,90,4.9%,3.0%,226831,4.4%,1.9%
2077-05-22,657520,106,5.2%,4.1%,265487,3.0%,2.7%
2077-06-21,677155,102,4.2%,3.7%,335219,4.4%,2.6%
2077-07-21,690541,91,4.7%,4.5%,315326,5.0%,1.4%
2077-08-20,987632,110,5.1%,3.6%,251608,4.3%,2.1%
2077-09-19,619834,109,5.9%,4.3%,435175,3.6%,1.5%
2077-10-19,703853,81,5.6%,3.7%,353564,3.9%,1.8%
2077-11-18,555700,101,5.8%,4.7%,205384,3.8%,2.9%
2077-12-18,764429,109,5.6%,2.6%,242334,4.4%,1.5%
2078-01-17,614063,83,6.0%,2.7%,341802,2.3%,1.0%
2078-02-16,753321,101,5.7%,2.4%,377537,2.8%,1.4%
2078-03-18,618701,89,4.2%,3.2%,448789,4.1%,1.5%
2078-04-17,568615,97,5.9%,4.2%,443206,4.4%,2.1%
2078-05-17,697427,82,5.9%,3.6%,463944,5.0%,1.3%
2078-06-16,917362,87,4.9%,4.5%,442836,4.2%,1.1%
2078-07-16,963394,104,5.6%,3.6%,304905,4.9%,2.1%
2078-08-15,569793,102,4.4%,2.6%,357597,4.3%,2.5%
2078-09-14,535999,95,5.8%,3.9%,408329,3.6%,1.4%
2078-10-14,813968,86,4.5%,2.6%,437153,2.2%,1.5%
2078-11-13,596565,98,4.3%,3.0%,222142,3.5%,2.4%
2078-12-13,929510,81,5.8%,3.4%,485196,4.0%,1.8%
2079-01-12,687345,108,4.2%,3.0%,227514,3.5%,1.7%
2079-02-11,593166,94,4.5%,4.7%,294645,3.4%,2.7%
2079-03-13,741623,105,6.0%,5.0%,336685,4.5%,1.8%
2079-04-12,529371,89,5.7%,3.2%,410784,3.3%,2.3%
2079-05-12,918812,90,5.7%,2.1%,368210,4.5%,2.4%
2079-06-11,665273,85,5.7%,4.3%,347444,2.7%,1.2%
2079-07-11,697624,92,4.1%,5.0%,418916,2.2%,2.1%
2079-08-10,721575,95,5.7%,2.7%,245603,2.8%,2.1%
2079-09-09,702321,99,4.4%,3.1%,323934,3.5%,1.6%
2079-10-09,988320,101,4.6%,2.2%,216751,3.6%,2.9%
2079-11-08,901716,109,4.7%,2.1%,248478,3.6%,3.0%
2079-12-08,539436,80,4.6%,2.3%,499275,4.8%,1.9%
2080-01-07,802413,88,5.1%,3.2%,493951,3.5%,1.3%
2080-02-06,640815,89,5.6%,2.3%,334377,2.9%,2.9%
2080-03-07,960641,94,4.3%,4.7%,250745,4.8%,1.3%
2080-04-06,523482,106,5.2%,2.8%,408562,3.7%,1.2%
2080-05-06,706454,99,5.9%,2.4%,339648,2.1%,1.2%
2080-06-05,531793,85,5.2%,2.7%,206357,2.4%,2.4%
2080-07-05,858796,85,4.0%,2.7%,393329,2.9%,2.1%
2080-08-04,826748,106,4.0%,2.5%,399718,4.0%,2.2%
2080-09-03,703020,82,5.9%,4.9%,385859,4.0%,3.0%
2080-10-03,606790,85,4.3%,5.0%,366897,2.0%,2.8%
2080-11-02,869375,87,4.8%,2.4%,450202,2.4%,1.0%
2080-12-02,621544,92,5.9%,2.4%,442995,4.1%,2.0%
2081-01-01,908430,97,5.2%,3.8%,412203,3.0%,1.9%
2081-01-31,700882,92,4.1%,2.8%,316720,4.8%,2.6%
2081-03-02,701607,96,5.8%,3.3%,268494,2.7%,1.4%
2081-04-01,753471,101,5.7%,2.3%,336997,4.4%,2.2%
2081-05-01,821635,86,4.1%,3.8%,440602,4.2%,1.6%
2081-05-31,872267,95,5.1%,2.1%,222866,3.8%,2.0%
2081-06-30,856014,96,4.8%,3.2%,220283,3.8%,2.4%
2081-07-30,532337,83,5.7%,2.1%,330723,4.3%,2.8%
2081-08-29,738026,97,5.2%,4.0%,373771,3.4%,1.2%
2081-09-28,965799,84,5.2%,3.7%,477880,5.0%,1.2%
2081-10-28,514472,108,4.6%,2.1%,379480,2.7%,2.0%
2081-11-27,669606,94,4.8%,3.0%,301094,4.9%,1.5%
2081-12-27,732869,93,4.3%,2.1%,257707,4.0%,1.6%
2082-01-26,981882,95,4.2%,4.0%,330003,4.3%,1.1%
2082-02-25,706513,93,4.5%,2.6%,212340,3.7%,1.6%
2082-03-27,867650,95,4.2%,4.4%,389200,3.6%,1.2%
2082-04-26,604588,85,5.0%,2.8%,263616,2.5%,1.6%
2082-05-26,965162,81,4.8%,4.3%,397318,3.3%,1.5%
2082-06-25,529056,108,5.7%,3.4%,294890,3.6%,1.4%
2082-07-25,607682,92,4.0%,4.0%,257181,4.3%,2.6%
2082-08-24,796029,88,5.7%,3.2%,423170,2.5%,2.6%
2082-09-23,529227,99,4.5%,4.5%,215095,4.5%,2.0%
2082-10-23,904496,88,5.3%,3.9%,353124,4.8%,2.4%
2082-11-22,552515,105,4.9%,2.3%,451315,5.0%,2.4%
2082-12-22,619841,80,4.6%,3.3%,396990,3.1%,1.5%
2083-01-21,683349,104,5.9%,4.6%,252076,3.1%,2.7%
2083-02-20,880449,86,4.0%,4.3%,260073,3.0%,2.2%
2083-03-22,508098,101,4.5%,3.3%,311030,2.4%,3.0%
2083-04-21,583854,100,4.6%,3.5%,420992,4.5%,2.9%
2083-05-21,955676,88,4.4%,3.2%,397001,5.0%,2.6%
2083-06-20,646820,106,5.8%,2.9%,253433,2.6%,1.8%
2083-07-20,577515,105,5.9%,4.9%,451016,3.2%,2.5%
2083-08-19,740578,98,6.0%,2.4%,247135,2.8%,2.6%
2083-09-18,675485,80,5.2%,3.7%,342107,3.3%,1.8%
2083-10-18,646208,104,4.8%,2.8%,222607,3.7%,2.7%
2083-11-17,818077,97,5.3%,3.1%,264579,2.2%,2.9%
2083-12-17,679149,83,4.2%,4.4%,343339,2.4%,3.0%
2084-01-16,922891,92,4.6%,2.4%,403421,2.8%,1.9%
2084-02-15,556001,104,5.2%,3.0%,383045,3.4%,2.8%
2084-03-16,950499,98,5.5%,3.8%,203221,4.7%,1.7%
2084-04-15,848658,106,4.3%,4.7%,248119,2.9%,1.3%
2084-05-15,976067,103,5.3%,3.4%,359895,4.5%,1.4%
2084-06-14,844658,98,4.1%,2.9%,277877,4.7%,1.3%
2084-07-14,724988,88,5.6%,4.0%,436084,3.8%,1.3%
2084-08-13,943595,89,5.1%,4.1%,308546,3.6%,1.2%
2084-09-12,759365,95,5.1%,2.2%,483937,5.0%,2.0%
2084-10-12,846394,109,5.5%,4.5%,386717,4.3%,2.1%
2084-11-11,660663,107,4.7%,4.3%,372472,2.8%,2.6%
2084-12-11,960772,109,5.1%,3.5%,360826,3.9%,1.9%
2085-01-10,514882,83,4.1%,2.6%,353488,3.6%,2.3%
2085-02-09,639121,99,4.1%,2.6%,290933,2.6%,2.3%
2085-03-11,832480,107,5.6%,2.7%,282512,4.2%,1.9%
2085-04-10,749711,97,4.8%,4.5%,475336,2.1%,2.5%
2085-05-10,763039,98,5.5%,3.7%,373567,2.4%,2.2%
2085-06-09,754635,101,5.5%,2.1%,401149,4.4%,1.0%
2085-07-09,916601,107,5.3%,2.9%,454215,2.9%,2.9%
2085-08-08,936463,86,4.1%,3.3%,480121,4.6%,1.3%
2085-09-07,700816,109,5.2%,4.3%,458839,2.1%,2.3%
2085-10-07,907614,94,5.9%,4.1%,281427,4.1%,1.3%
2085-11-06,978858,108,4.7%,3.7%,493417,4.7%,2.8%
2085-12-06,604126,82,5.9%,2.1%,407056,3.2%,2.7%
2086-01-05,699606,103,5.6%,3.2%,405451,4.4%,1.9%
2086-02-04,587560,89,5.2%,2.9%,224762,3.1%,1.9%
2086-03-06,837289,88,4.6%,4.6%,214476,3.8%,2.4%
2086-04-05,789298,84,4.0%,3.5%,464462,2.9%,2.2%
2086-05-05,698786,102,6.0%,3.4%,261177,2.0%,1.8%
2086-06-04,672585,106,5.4%,4.4%,234867,3.9%,1.2%
2086-07-04,901609,92,4.3%,3.3%,476508,2.3%,2.6%
2086-08-03,695039,92,4.5%,2.0%,488526,2.5%,1.4%
2086-09-02,800484,91,5.6%,2.1%,246047,2.8%,1.7%
2086-10-02,899710,88,4.9%,2.6%,401470,3.3%,1.4%
2086-11-01,553076,89,4.7%,4.5%,478584,3.9%,1.4%
2086-12-01,648645,104,6.0%,4.4%,330216,2.4%,1.8%
2086-12-31,873079,88,4.8%,2.5%,481514,4.4%,1.8%
2087-01-30,850708,81,4.9%,3.2%,455982,3.8%,1.8%
2087-03-01,993278,108,5.9%,4.7%,242472,3.5%,2.3%
2087-03-31,568338,85,4.2%,2.9%,272734,4.9%,2.9%
2087-04-30,919867,101,4.8%,4.9%,383272,3.4%,2.2%
2087-05-30,708646,103,4.6%,4.8%,204779,3.4%,2.1%
2087-06-29,975703,110,5.4%,2.5%,214175,2.8%,2.9%
2087-07-29,527463,87,4.2%,3.7%,293496,2.1%,2.4%
2087-08-28,867281,103,4.3%,3.3%,201218,3.7%,2.5%
2087-09-27,905464,99,5.3%,4.0%,323205,2.3%,1.7%
2087-10-27,831069,106,5.1%,3.3%,368148,3.0%,2.8%
2087-11-26,791301,101,4.7%,4.1%,227769,2.5%,2.3%
2087-12-26,640931,101,5.3%,2.0%,390577,2.4%,1.4%
2088-01-25,885330,82,5.5%,2.6%,431622,2.3%,1.3%
2088-02-24,640892,107,4.1%,2.1%,308499,4.6%,2.9%
2088-03-25,581856,88,4.8%,3.2%,388876,4.2%,1.5%
2088-04-24,943086,99,4.0%,2.4%,433918,4.2%,1.3%
2088-05-24,705509,87,5.0%,2.5%,224862,2.8%,2.1%
2088-06-23,848421,93,5.7%,4.7%,494255,3.1%,2.3%
2088-07-23,580129,99,4.9%,3.8%,204711,2.8%,2.4%
2088-08-22,658525,82,5.9%,4.1%,216452,3.2%,1.0%
2088-09-21,720245,103,4.7%,4.1%,466437,4.3%,2.5%
2088-10-21,924093,99,5.3%,4.9%,269493,3.1%,1.8%
2088-11-20,654935,102,5.6%,2.8%,244569,4.2%,2.9%
2088-12-20,967074,92,4.0%,4.3%,419065,2.6%,2.9%
2089-01-19,927361,80,5.2%,3.3%,337993,2.3%,2.8%
2089-02-18,567987,87,5.1%,3.9%,206239,2.6%,1.5%
2089-03-20,739109,94,5.1%,2.5%,381413,2.2%,2.0%
2089-04-19,972191,80,4.9%,4.4%,319566,3.9%,2.0%
2089-05-19,671527,95,5.2%,3.1%,464089,2.9%,1.6%
2089-06-18,848182,97,5.5%,4.7%,438498,2.6%,2.8%
2089-07-18,599434,109,5.4%,3.3%,208270,4.1%,1.0%
2089-08-17,829829,107,4.4%,4.4%,464908,4.1%,2.5%
2089-09-16,551600,99,4.3%,2.7%,370327,2.6%,1.7%
2089-10-16,914497,97,4.3%,4.3%,355436,3.0%,1.8%
2089-11-15,579543,110,5.8%,2.9%,343677,2.3%,1.8%
2089-12-15,623144,105,5.4%,2.1%,281431,4.0%,1.7%
2090-01-14,506972,102,5.0%,3.2%,431150,4.7%,1.5%
2090-02-13,633894,104,4.2%,2.7%,298241,4.6%,2.3%
2090-03-15,971653,102,5.3%,2.8%,226247,2.2%,1.9%
2090-04-14,589510,95,4.7%,4.3%,473469,4.2%,2.2%
2090-05-14,911845,94,4.7%,4.2%,354468,4.7%,2.7%
2090-06-13,544195,85,4.4%,4.7%,325803,3.2%,1.6%
2090-07-13,998442,80,5.1%,3.7%,272047,2.9%,2.4%
2090-08-12,659958,87,5.2%,2.1%,273201,2.4%,2.5%
2090-09-11,736064,86,6.0%,2.4%,386053,2.7%,1.2%
2090-10-11,776864,101,5.8%,2.6%,327410,2.5%,2.6%
2090-11-10,713018,107,4.1%,3.5%,249223,3.3%,2.8%
2090-12-10,889111,104,4.4%,3.1%,347337,2.2%,1.8%
2091-01-09,647049,105,4.8%,4.8%,330147,3.6%,1.7%
2091-02-08,701498,93,4.3%,4.9%,475413,3.6%,2.5%
2091-03-10,873220,95,4.4%,4.2%,492293,3.3%,2.9%
2091-04-09,968296,85,5.5%,3.5%,455811,5.0%,1.9%
2091-05-09,764508,86,4.4%,3.9%,440893,3.2%,1.1%
2091-06-08,915779,88,4.7%,3.8%,401447,3.9%,2.5%
2091-07-08,880264,110,5.7%,2.8%,480346,3.9%,1.2%
2091-08-07,540039,80,4.1%,3.3%,236203,4.0%,1.4%
2091-09-06,753949,92,5.6%,2.9%,273965,3.9%,1.8%
2091-10-06,675715,94,6.0%,2.3%,491857,3.7%,2.6%
2091-11-05,652015,107,4.6%,3.4%,366999,3.4%,1.3%
2091-12-05,614122,95,4.4%,3.3%,385726,4.6%,2.2%
2092-01-04,512791,93,5.2%,4.0%,205081,2.6%,2.4%
2092-02-03,858211,95,6.0%,3.0%,462337,4.2%,1.1%
2092-03-04,934453,92,5.3%,3.4%,326079,2.6%,1.3%
2092-04-03,942241,94,4.6%,2.3%,355514,2.2%,1.0%
2092-05-03,583446,85,4.2%,3.6%,398988,4.0%,1.7%
2092-06-02,933133,108,4.4%,4.5%,400296,4.8%,2.4%
2092-07-02,631505,97,5.6%,2.6%,289009,2.9%,1.7%
2092-08-01,553802,102,5.2%,2.4%,377501,3.9%,1.6%
2092-08-31,776012,95,5.9%,2.8%,245899,4.4%,1.6%
2092-09-30,902022,110,6.0%,2.8%,358035,2.1%,2.0%
2092-10-30,608383,91,4.7%,2.8%,232005,3.8%,2.1%
2092-11-29,871414,80,5.3%,2.3%,397020,2.9%,2.8%
2092-12-29,704761,84,5.6%,4.7%,393958,3.1%,1.6%
2093-01-28,564523,105,5.4%,4.4%,308291,3.8%,2.6%
2093-02-27,704096,89,4.7%,2.2%,269798,2.0%,1.1%
2093-03-29,944032,105,5.6%,2.5%,261815,4.4%,1.8%
2093-04-28,589480,101,4.0%,4.4%,408496,2.1%,2.1%
2093-05-28,746791,110,5.2%,4.8%,200971,3.9%,1.8%
2093-06-27,709878,82,4.1%,3.8%,288912,4.2%,2.6%
2093-07-27,922894,93,4.5%,2.3%,483300,4.1%,1.7%
2093-08-26,504321,91,4.4%,3.8%,475458,4.2%,1.9%
2093-09-25,680891,103,5.0%,3.3%,387221,3.8%,1.4%
2093-10-25,857940,91,5.0%,5.0%,328901,2.2%,2.8%
2093-11-24,709539,101,4.5%,3.3%,235277,4.5%,1.8%
2093-12-24,752815,90,5.3%,3.2%,221995,3.1%,2.7%
2094-01-23,600510,110,5.1%,2.2%,375958,2.9%,2.7%
2094-02-22,949239,99,5.4%,2.9%,215093,3.3%,2.3%
2094-03-24,665638,85,5.3%,2.5%,486265,2.7%,2.5%
2094-04-23,817359,88,4.3%,4.5%,359874,2.9%,2.1%
2094-05-23,595696,92,5.2%,2.1%,365874,2.1%,1.7%
2094-06-22,508732,103,4.8%,3.7%,288118,3.3%,2.0%
2094-07-22,949037,81,5.5%,2.0%,245975,4.4%,2.2%
2094-08-21,961172,103,5.9%,3.1%,290889,3.9%,1.4%
2094-09-20,630632,99,4.4%,2.7%,337941,3.6%,2.8%
2094-10-20,730083,103,6.0%,3.3%,324028,3.4%,2.8%
2094-11-19,731316,93,5.1%,4.4%,208436,3.0%,1.5%
2094-12-19,534448,95,5.2%,5.0%,473536,2.6%,2.4%
2095-01-18,965228,85,4.4%,3.6%,264052,3.5%,1.9%
2095-02-17,538000,105,5.3%,3.8%,455712,4.2%,2.0%
2095-03-19,930251,88,4.6%,2.3%,257355,2.9%,1.2%
2095-04-18,752909,106,5.7%,3.6%,323948,2.4%,1.2%
2095-05-18,589377,100,4.5%,2.7%,206947,4.3%,1.3%
2095-06-17,908917,107,5.9%,3.9%,366699,2.1%,1.0%
2095-07-17,777365,82,6.0%,4.6%,425691,4.9%,1.7%
2095-08-16,994282,81,4.6%,3.5%,320998,3.2%,2.8%
2095-09-15,700776,89,4.3%,3.2%,262093,3.3%,2.4%
2095-10-15,705947,100,5.6%,4.3%,242313,4.2%,2.9%
2095-11-14,892421,107,5.8%,2.4%,258716,3.0%,2.7%
2095-12-14,640408,90,4.2%,5.0%,434349,3.1%,2.7%
2096-01-13,584964,88,4.1%,2.4%,450548,2.1%,1.5%
2096-02-12,509948,103,5.4%,4.0%,337261,2.9%,2.9%
2096-03-13,826326,107,4.6%,4.9%,426395,2.7%,2.9%
2096-04-12,509457,99,5.5%,3.1%,247330,2.1%,1.1%
2096-05-12,641088,87,5.3%,3.7%,284527,2.7%,2.1%
2096-06-11,700247,93,5.3%,2.3%,321052,3.7%,1.8%
2096-07-11,962480,103,4.2%,2.0%,225710,2.9%,1.6%
2096-08-10,822920,110,5.8%,4.2%,307810,3.6%,2.0%
2096-09-09,976770,90,4.8%,4.9%,226175,3.0%,1.7%
2096-10-09,989456,106,5.5%,4.4%,283891,2.2%,1.9%
2096-11-08,831161,84,4.1%,3.9%,459630,4.8%,2.9%
2096-12-08,664664,101,4.3%,3.6%,481397,2.7%,2.1%
2097-01-07,734934,81,5.4%,3.7%,236097,3.3%,1.9%
2097-02-06,812887,82,5.8%,3.9%,229813,4.6%,2.1%
2097-03-08,907248,101,5.1%,2.8%,261373,3.3%,2.3%
2097-04-07,932012,87,5.0%,2.6%,335190,2.8%,1.9%
2097-05-07,953230,82,5.2%,4.1%,422240,4.1%,1.5%
2097-06-06,620063,97,4.5%,3.9%,479821,2.1%,1.8%
2097-07-06,500005,101,4.0%,2.9%,372996,3.6%,2.0%
2097-08-05,728998,101,4.8%,4.2%,350628,3.2%,1.4%
2097-09-04,619283,92,6.0%,4.4%,315701,3.4%,1.8%
2097-10-04,684426,107,4.0%,4.5%,470570,2.2%,1.7%
2097-11-03,565658,91,5.0%,3.8%,494385,2.6%,2.6%
2097-12-03,798364,102,5.9%,3.6%,439284,3.9%,1.3%
2098-01-02,895431,81,4.3%,5.0%,438102,5.0%,1.6%
2098-02-01,664330,109,5.0%,3.2%,443617,2.6%,1.6%
2098-03-03,785399,96,4.6%,3.4%,267843,2.9%,2.3%
2098-04-02,616738,81,5.4%,3.3%,481448,3.8%,1.5%
2098-05-02,516202,81,5.3%,4.8%,294511,4.3%,1.0%
2098-06-01,902679,102,4.1%,4.4%,304958,4.0%,1.5%
2098-07-01,965074,83,4.8%,4.5%,386223,3.2%,1.0%
2098-07-31,724933,96,5.7%,2.3%,401143,3.6%,3.0%
2098-08-30,772482,106,5.8%,2.7%,228298,3.2%,2.8%
2098-09-29,917501,101,4.9%,4.2%,261143,2.2%,1.2%
2098-10-29,554556,106,5.3%,3.7%,240824,4.3%,2.4%
2098-11-28,736434,106,4.6%,2.3%,277924,4.3%,2.0%
2098-12-28,795148,104,4.2%,4.3%,291624,3.1%,2.7%
2099-01-27,703818,99,5.5%,3.4%,460011,2.1%,2.3%
2099-02-26,657719,100,4.2%,4.0%,490747,4.2%,1.1%
2099-03-28,562109,110,4.7%,5.0%,295994,2.1%,2.7%
2099-04-27,542899,85,5.0%,2.7%,455111,3.3%,1.5%
2099-05-27,507506,100,4.2%,3.1%,217489,2.4%,2.5%
2099-06-26,959632,93,4.4%,3.2%,384351,3.0%,3.0%
2099-07-26,685668,104,4.2%,3.9%,409359,4.7%,1.6%
2099-08-25,810670,88,4.3%,3.0%,463767,3.1%,2.9%
2099-09-24,954013,100,5.3%,4.9%,337447,2.5%,1.2%
2099-10-24,970763,97,4.5%,4.1%,206076,3.4%,2.2%
2099-11-23,892861,92,5.0%,4.5%,415570,2.2%,1.7%
2099-12-23,936498,86,5.4%,2.4%,405702,2.2%,1.3%
2100-01-22,647865,82,5.3%,3.3%,459824,2.3%,1.2%
2100-02-21,555988,101,5.0%,2.8%,328193,4.9%,1.8%
2100-03-23,724062,93,4.1%,4.6%,430727,2.5%,2.8%
2100-04-22,914254,109,4.3%,2.8%,476687,2.1%,1.2%
2100-05-22,958987,83,4.7%,3.6%,248937,4.9%,1.3%
2100-06-21,881438,91,5.0%,2.7%,428527,4.1%,2.0%
2100-07-21,787627,80,4.6%,2.5%,383077,4.4%,2.0%
2100-08-20,573215,97,5.9%,3.7%,474166,3.4%,1.8%
2100-09-19,523775,95,5.0%,3.9%,218435,2.2%,1.0%
2100-10-19,620734,80,4.9%,2.8%,326535,3.3%,1.5%
2100-11-18,965304,93,5.6%,3.7%,388504,4.1%,2.8%
2100-12-18,980276,87,4.7%,2.3%,276368,3.1%,1.3%
2101-01-17,955144,92,4.3%,3.9%,404914,3.0%,1.2%
2101-02-16,929720,97,5.6%,4.5%,379384,3.0%,2.9%
2101-03-18,658413,109,5.3%,3.2%,209193,2.6%,2.1%
2101-04-17,524593,103,5.4%,2.7%,325741,4.1%,1.1%
2101-05-17,789655,86,5.3%,4.9%,218483,3.2%,1.9%
2101-06-16,746280,106,5.1%,3.6%,469059,2.7%,2.9%
2101-07-16,836253,108,4.5%,4.4%,246763,2.7%,2.5%
2101-08-15,822929,91,5.2%,2.7%,408867,4.4%,1.8%
2101-09-14,775652,104,4.5%,2.1%,351423,2.0%,1.1%
2101-10-14,744286,99,5.6%,4.9%,227495,3.4%,2.2%
2101-11-13,901765,80,5.9%,3.2%,226551,2.5%,1.6%
2101-12-13,971230,95,5.9%,3.3%,243272,2.5%,2.5%
2102-01-12,709395,106,4.4%,3.1%,497997,2.2%,1.0%
2102-02-11,733732,95,5.1%,4.3%,238939,5.0%,2.7%
2102-03-13,721568,109,5.6%,2.2%,204719,2.1%,1.3%
2102-04-12,918233,107,4.1%,4.8%,226220,3.2%,2.7%
2102-05-12,545899,102,4.5%,2.2%,422088,3.8%,1.5%
2102-06-11,793461,83,4.1%,2.6%,282748,2.2%,2.8%
2102-07-11,581424,84,4.9%,4.3%,455135,4.6%,3.0%
2102-08-10,609781,80,5.2%,3.1%,486675,3.0%,2.8%
2102-09-09,778075,101,4.1%,4.9%,338103,3.7%,2.0%
2102-10-09,800241,99,5.5%,3.5%,391982,4.7%,2.5%
2102-11-08,879329,82,4.5%,3.0%,416638,3.9%,2.0%
2102-12-08,791875,98,5.1%,2.4%,336714,4.5%,2.2%
2103-01-07,716011,82,4.2%,2.3%,213428,3.0%,3.0%
2103-02-06,604471,105,4.7%,5.0%,249825,3.3%,2.0%
2103-03-08,850648,91,4.6%,4.3%,430100,3.6%,1.3%
2103-04-07,873644,89,5.6%,2.6%,426164,2.4%,2.0%
2103-05-07,514296,99,5.6%,4.3%,429588,2.2%,1.3%
2103-06-06,549337,97,5.2%,3.2%,208501,3.7%,1.7%
2103-07-06,852332,109,4.4%,4.7%,329590,2.6%,1.3%
2103-08-05,682954,105,5.6%,3.1%,492126,4.9%,1.7%
2103-09-04,984853,86,4.7%,2.2%,460560,3.8%,1.7%
2103-10-04,701152,110,4.7%,3.6%,203262,3.8%,1.2%
2103-11-03,738658,84,5.1%,4.4%,286653,2.6%,1.3%
2103-12-03,784953,97,5.6%,2.7%,490573,4.4%,2.0%
2104-01-02,629928,87,4.5%,3.2%,453742,3.8%,1.3%
2104-02-01,957091,101,4.6%,3.5%,480040,4.7%,2.8%
2104-03-02,682227,88,5.9%,3.8%,234109,2.9%,1.5%
2104-04-01,599799,80,5.0%,2.7%,412375,4.9%,2.5%
2104-05-01,705464,86,5.9%,4.4%,484198,4.6%,2.8%
2104-05-31,720020,102,5.2%,3.8%,354672,3.8%,1.5%
2104-06-30,907220,98,5.8%,4.1%,429170,3.9%,1.8%
2104-07-30,630335,92,5.6%,4.1%,230413,4.8%,2.4%
2104-08-29,540476,91,4.2%,4.9%,409036,4.9%,2.7%
2104-09-28,955566,99,5.1%,4.3%,368164,3.3%,1.8%
2104-10-28,804771,107,4.1%,2.3%,379042,4.5%,2.3%
2104-11-27,718172,107,4.2%,4.8%,404640,4.9%,1.3%
2104-12-27,605726,92,5.4%,4.3%,388783,4.9%,1.2%
2105-01-26,669236,89,5.5%,3.2%,307265,2.3%,2.1%
2105-02-25,797247,83,5.2%,4.1%,212283,5.0%,1.1%
2105-03-27,936784,81,5.7%,4.5%,397091,3.9%,2.7%
2105-04-26,889928,100,5.5%,4.1%,270673,4.4%,1.2%
2105-05-26,872776,83,5.0%,2.5%,464972,3.5%,2.3%
2105-06-25,802918,107,5.3%,2.6%,204542,2.2%,1.2%
2105-07-25,573372,105,4.2%,2.2%,343467,2.7%,1.3%
2105-08-24,569449,100,4.4%,3.2%,366772,4.7%,1.4%
2105-09-23,684688,94,5.9%,3.7%,369654,4.4%,1.7%
2105-10-23,915459,82,4.8%,4.2%,299163,3.3%,1.3%
2105-11-22,872435,80,4.0%,3.4%,222995,4.7%,1.5%
2105-12-22,773287,80,4.3%,3.8%,401443,3.2%,1.4%
2106-01-21,760729,108,4.5%,4.0%,274357,3.7%,1.2%
